City_ID,City,Lat,Lng,Max Temp,Humidity,Cloudiness,Wind Speed,Country,Date
0,papatowai,-46.5619,169.4708,8.86,90,47,2.59,NZ,1721513369
1,san antonio de pale,-1.4014,5.6325,22.79,74,53,4.61,GQ,1721513370
2,meadow lakes,61.6247,-149.6011,24.05,59,0,1.54,US,1721513372
3,ust-nera,64.5667,143.2,13.1,97,100,2.87,RU,1721513373
4,wailua homesteads,22.0669,-159.378,27.85,67,40,5.14,US,1721513374
5,mount pearl,47.5166,-52.7813,18.37,76,2,1.47,CA,1721513375
6,rio san juan,19.6439,-70.0763,27.86,83,99,4.33,DO,1721513376
7,tarawa,1.419,172.984,30.05,74,40,6.17,KI,1721513377
8,cabo san lucas,22.8909,-109.9124,30.66,62,0,5.94,MX,1721512863
9,santa maria da boa vista,-8.8078,-39.8256,26.18,41,85,6.93,BR,1721513264
10,kavaratti,10.5669,72.642,27.36,86,100,6.52,IN,1721513381
11,qamdo,31.1667,97.2333,11.43,84,100,1.09,CN,1721513382
12,fisterra,42.9049,-9.2629,16.68,78,84,6.78,ES,1721513383
13,udachny,66.4167,112.4,17.48,76,100,3.61,RU,1721513384
14,yeppoon,-23.1333,150.7333,12.88,50,0,5.04,AU,1721513387
15,chonchi,-42.6128,-73.8092,7.29,91,100,0.56,CL,1721513388
16,longyearbyen,78.2186,15.6401,9.91,66,0,6.69,SJ,1721513390
17,kone,-21.0595,164.8658,21.27,63,5,0.66,NC,1721513391
18,port elizabeth,-33.918,25.5701,11.29,82,30,1.79,ZA,1721513393
19,keflavik,64.0049,-22.5624,10.24,100,40,4.12,IS,1721513394
20,kodiak,57.79,-152.4072,14.73,67,100,5.14,US,1721513395
21,igrim,63.1906,64.4162,9.71,68,100,4.01,RU,1721513396
22,riohacha,11.5444,-72.9072,31.27,66,97,2.68,CO,1721513399
23,anadyr,64.75,177.4833,9.28,87,40,10.0,RU,1721513400
24,qaqortoq,60.7167,-46.0333,5.71,88,100,2.11,GL,1721513401
25,puerto natales,-51.7236,-72.4875,5.64,81,97,8.6,CL,1721513402
26,port-aux-francais,-49.35,70.2167,1.28,74,19,4.58,TF,1721513403
27,tindouf,27.6711,-8.1474,41.25,11,40,4.12,DZ,1721513405
28,talnakh,69.4865,88.3972,8.26,67,0,7.04,RU,1721513406
29,edinburgh of the seven seas,-37.0676,-12.3116,13.29,83,65,8.97,SH,1721513407
30,urucara,-2.5364,-57.76,29.61,48,97,1.02,BR,1721513408
31,east london,-33.0153,27.9116,14.1,68,54,5.81,ZA,1721513409
32,radviliskis,55.8167,23.5333,16.03,94,0,2.06,LT,1721513410
33,djambala,-2.5447,14.7533,22.43,47,100,1.98,CG,1721513412
34,nemuro,43.3236,145.575,16.75,99,100,1.82,JP,1721513413
35,ilulissat,69.2167,-51.1,11.01,71,97,2.06,GL,1721513414
36,prince rupert,54.3161,-130.3201,17.96,84,99,2.17,CA,1721513417
37,piatykhatky,48.4133,33.7106,21.08,40,85,3.65,UA,1721513419
38,iqaluit,63.7506,-68.5145,6.96,60,47,3.15,CA,1721513420
39,tiksi,71.6872,128.8694,7.06,62,97,2.1,RU,1721513421
40,punta arenas,-53.15,-70.9167,5.06,81,40,16.46,CL,1721513283
41,albany,42.6001,-73.9662,27.83,69,99,0.45,US,1721513424
42,blackmans bay,-43.0167,147.3167,4.74,92,0,0.45,AU,1721513425
43,sredets,42.3475,27.179,24.86,88,4,1.24,BG,1721513427
44,kabalo,-6.05,26.9167,27.25,27,1,1.29,CD,1721513428
45,whitehorse,60.7161,-135.0538,22.83,33,80,2.6,CA,1721513429
46,grytviken,-54.2811,-36.5092,-0.49,80,26,2.93,GS,1721513430
47,utrik,11.2278,169.8474,27.65,81,9,7.63,MH,1721513431
48,waitangi,-43.9535,-176.5597,11.01,99,100,4.02,NZ,1721513432
49,constantia,44.1833,28.65,23.38,74,0,3.56,RO,1721513434
50,arraial do cabo,-22.9661,-42.0278,21.0,71,0,2.62,BR,1721513435
51,vila velha,-20.3297,-40.2925,22.19,86,40,3.09,BR,1721513436
52,huilong,31.8111,121.655,26.32,93,100,4.17,CN,1721513437
53,namtsy,62.7161,129.6658,19.31,47,100,1.71,RU,1721513438
54,thompson,55.7435,-97.8558,29.8,25,13,2.22,CA,1721513439
55,invercargill,-46.4,168.35,5.5,92,76,1.5,NZ,1721513441
56,tucumcari,35.1717,-103.725,32.19,25,0,4.03,US,1721513442
57,lagoa,39.05,-27.9833,22.31,89,9,3.94,PT,1721513443
58,isafjordur,66.0755,-23.124,5.36,75,100,4.05,IS,1721513444
59,inirida,3.8653,-67.9239,24.39,97,84,0.57,CO,1721513445
60,vorgashor,67.5833,63.95,3.75,65,4,2.75,RU,1721513446
61,hithadhoo,-0.6,73.0833,28.52,75,74,3.01,MV,1721513448
62,mizan teferi,6.9833,35.5833,16.56,98,99,1.18,ET,1721513449
63,ushuaia,-54.8,-68.3,3.81,81,100,10.8,AR,1721513451
64,cihanbeyli,38.6607,32.9244,25.23,41,0,6.24,TR,1721513452
65,klyuchi,52.2667,79.1667,18.83,79,35,2.27,RU,1721513453
66,puerto ayora,-0.7393,-90.3518,25.98,86,83,3.58,EC,1721513455
67,twin falls,42.3505,-114.6445,35.51,20,0,3.09,US,1721513456
68,chinchilla,-26.75,150.6333,7.79,75,0,0.45,AU,1721513457
69,ancud,-41.8697,-73.8203,6.89,81,100,0.66,CL,1721513458
70,nybro,56.7446,15.9071,17.25,63,100,1.68,SE,1721513459
71,chipata,-13.6333,32.65,15.92,42,1,2.21,ZM,1721513461
72,coos bay,43.3665,-124.2179,23.92,77,100,7.2,US,1721513462
73,baikonur,45.6167,63.3167,26.34,37,52,2.91,KZ,1721513463
74,avarua,-21.2078,-159.775,25.03,61,40,9.26,CK,1721513464
75,tahta,26.7693,31.5021,33.6,18,0,2.64,EG,1721513465
76,mount isa,-20.7333,139.5,7.87,57,46,1.03,AU,1721513466
77,ulety,51.3572,112.4849,18.0,63,100,1.31,RU,1721513468
78,uturoa,-16.7333,-151.4333,24.38,69,19,10.75,PF,1721513469
79,st. john's,47.5649,-52.7093,18.83,79,0,2.49,CA,1721513271
80,port mathurin,-19.6833,63.4167,22.63,76,11,6.08,MU,1721513471
81,aasiaat,68.7098,-52.8699,5.89,87,74,3.11,GL,1721513472
82,vernon,50.2581,-119.2691,39.86,16,0,0.45,CA,1721513473
83,cidreira,-30.1811,-50.2056,16.18,92,94,4.4,BR,1721513474
84,bilibino,68.0546,166.4372,15.74,76,100,0.9,RU,1721513476
85,kincardine,56.0667,-3.7167,16.07,98,100,2.99,GB,1721513477
86,adamstown,-25.066,-130.1015,15.17,86,100,10.63,PN,1721513478
87,bethel,41.3712,-73.414,27.0,68,100,0.89,US,1721513479
88,labrador city,52.9463,-66.9114,15.21,57,83,5.76,CA,1721513480
89,al ghayzah,16.2079,52.176,26.46,85,92,3.3,YE,1721513481
90,aykhal,66.0,111.5,16.3,82,100,4.08,RU,1721513483
91,vicuna,-30.0319,-70.7081,8.85,84,3,2.46,CL,1721513484
92,iskateley,67.6803,53.1512,5.08,81,8,2.22,RU,1721513485
93,yinchuan,38.4681,106.2731,26.77,47,42,1.05,CN,1721513486
94,kingori,-3.2833,36.9833,15.86,88,57,1.16,TZ,1721513487
95,yellowknife,62.456,-114.3525,18.27,61,100,7.14,CA,1721513490
96,khorinsk,52.1657,109.7726,19.56,55,99,2.39,RU,1721513491
97,sant celoni,41.6833,2.4833,26.34,84,2,2.19,ES,1721513492
98,upata,8.0086,-62.3989,24.48,94,35,1.46,VE,1721513493
99,sorong,-0.8833,131.25,24.73,91,100,5.38,ID,1721513069
100,ad dabbah,18.05,30.95,35.31,28,37,4.45,SD,1721513495
101,port shepstone,-30.7414,30.455,16.81,59,45,2.74,ZA,1721513497
102,greymouth,-42.4667,171.2,7.81,89,91,2.87,NZ,1721513498
103,san clemente,33.427,-117.612,37.47,69,19,0.89,US,1721513499
104,fish town,5.1964,-7.8756,21.78,96,100,2.06,LR,1721513500
105,shalkar,47.8288,59.6258,24.61,45,5,2.48,KZ,1721513501
106,taltal,-25.4,-70.4833,13.58,85,98,2.19,CL,1721513502
107,buala,-8.145,159.5921,28.02,79,39,3.51,SB,1721513504
108,mil'kovo,55.6078,37.7956,18.5,87,4,2.77,RU,1721513505
109,chernigovka,44.3389,132.5728,19.9,92,100,2.33,RU,1721513507
110,kisangani,0.5167,25.2,21.65,98,98,0.95,CD,1721513508
111,zacatecoluca,13.5,-88.8667,30.1,83,93,1.27,SV,1721513509
112,fale old settlement,-9.3852,-171.2468,28.4,75,79,10.53,TK,1721513510
113,tralee,52.2704,-9.7026,11.83,92,82,2.71,IE,1721513512
114,tazovsky,67.4667,78.7,5.06,77,0,4.84,RU,1721513513
115,tokar,18.4254,37.729,31.55,42,100,11.06,SD,1721513514
116,la ronge,55.1001,-105.2842,28.05,33,4,3.19,CA,1721513515
117,corfu,39.62,19.9197,27.88,83,0,0.0,GR,1721513516
118,tanjungtiram,4.0613,98.3699,24.74,96,97,1.35,ID,1721513517
119,georgetown,5.4112,100.3354,26.96,83,20,0.0,MY,1721513519
120,bestobe,52.4994,73.0975,18.54,73,80,2.58,KZ,1721513521
121,palanpur,24.1667,72.4333,28.92,81,17,2.87,IN,1721513522
122,guaraniacu,-25.1008,-52.8781,14.84,79,0,0.28,BR,1721513523
123,korla,41.7597,86.1469,27.42,35,1,1.52,CN,1721513524
124,tocopilla,-22.092,-70.1979,15.54,78,19,1.19,CL,1721513526
125,leava,-14.3,-178.1667,27.43,71,97,8.6,WF,1721513527
126,vilyuchinsk,52.9306,158.4028,15.15,82,100,1.73,RU,1721513528
127,sisimiut,66.9395,-53.6735,12.25,64,7,5.11,GL,1721513529
128,bengkulu,-3.8004,102.2655,24.0,93,25,2.3,ID,1721513530
129,nuuk,64.1835,-51.7216,9.34,76,0,4.63,GL,1721513531
130,vadso,70.0744,29.7487,12.49,93,100,2.06,NO,1721513534
131,prado,-17.3411,-39.2208,22.14,84,67,3.28,BR,1721513535
132,ribeira grande,38.5167,-28.7,23.76,88,20,2.06,PT,1721513536
133,i-n-salah,27.1935,2.4607,36.85,11,0,5.26,DZ,1721513537
134,pandan,14.0453,124.1694,26.32,88,100,2.8,PH,1721513539
135,flying fish cove,-10.4217,105.6791,23.82,94,100,4.63,CX,1721513540
136,saint-felicien,48.6501,-72.4491,19.85,51,35,3.47,CA,1721513541
137,san antonio oeste,-40.7319,-64.9477,8.13,54,45,6.71,AR,1721513542
138,galliano,29.4422,-90.2992,32.0,58,0,2.57,US,1721513543
139,acarau,-2.8856,-40.12,25.22,75,0,7.59,BR,1721513544
140,margaret river,-33.95,115.0667,15.9,66,84,8.26,AU,1721513546
141,stanley,54.868,-1.6985,18.73,90,40,2.06,GB,1721513547
142,rio grande,-32.035,-52.0986,15.06,95,100,3.57,BR,1721513261
143,khamis mushait,18.3064,42.7292,22.34,60,100,4.63,SA,1721513549
144,hawaiian paradise park,19.5933,-154.9731,28.73,73,20,5.14,US,1721513550
145,jamestown,42.097,-79.2353,25.85,39,0,4.63,US,1721513551
146,at taj,24.2049,23.2857,30.55,22,0,4.8,LY,1721513552
147,carnarvon,-24.8667,113.6333,14.88,46,0,6.52,AU,1721513554
148,namsos,64.4662,11.4957,18.03,77,88,5.14,NO,1721513555
149,nar'yan-mar,67.6713,53.087,5.07,82,8,2.24,RU,1721513556
150,lodwar,3.1191,35.5973,30.47,42,95,2.87,KE,1721513557
151,essaouira,31.5125,-9.77,21.05,85,0,10.91,MA,1721513558
152,saint-pierre,-21.3393,55.4781,19.2,68,0,3.09,RE,1721513559
153,sotnikovskoye,45.0039,43.7772,24.31,61,100,3.5,RU,1721513561
154,dudinka,69.4058,86.1778,6.44,70,0,6.13,RU,1721513562
155,west island,-12.1568,96.8225,26.99,83,75,9.77,CC,1721513563
156,westport,41.1415,-73.3579,27.4,63,0,5.66,US,1721513564
157,umluj,25.0213,37.2685,31.23,50,33,1.73,SA,1721513565
158,isangel,-19.55,169.2667,22.66,74,40,1.55,VU,1721513566
159,poso,-1.3959,120.7524,24.9,79,98,1.45,ID,1721513568
160,hermanus,-34.4187,19.2345,8.22,79,61,1.32,ZA,1721513569
161,chegdomyn,51.1167,133.0167,18.09,95,100,0.39,RU,1721513570
162,sitka,57.0531,-135.33,15.94,82,100,0.0,US,1721513375
163,saint-philippe,-21.3585,55.7679,18.77,86,62,3.1,RE,1721513572
164,cockburn town,21.4612,-71.1419,28.08,88,70,11.45,TC,1721513574
165,labytnangi,66.6572,66.4183,5.32,76,0,1.61,RU,1721513575
166,penzance,50.1186,-5.5371,15.38,90,86,9.44,GB,1721513577
167,filipstad,59.7124,14.1683,16.59,86,96,1.46,SE,1721513578
168,novodvinsk,64.4165,40.8122,11.86,73,1,2.25,RU,1721513579
169,spring valley,36.108,-115.245,44.42,16,20,4.12,US,1721513580
170,ongjin,37.9347,125.3619,22.19,86,100,6.4,KP,1721513581
171,bonthe,7.5264,-12.505,24.57,93,100,5.79,SL,1721513583
172,atafu village,-8.5421,-172.5159,28.25,76,99,11.05,TK,1721513584
173,usinsk,65.9939,57.5281,6.83,76,9,5.13,RU,1721513585
174,hami,42.8,93.45,26.55,29,0,4.21,CN,1721513586
175,numan,9.4667,12.0333,23.57,93,84,2.39,NG,1721513587
176,tongliao,43.6125,122.2653,22.87,89,31,3.33,CN,1721513589
177,copala,16.65,-98.9833,30.1,65,27,4.26,MX,1721513590
178,colonia,50.9333,6.95,22.14,87,0,1.54,DE,1721513554
179,harstad,68.799,16.5293,15.13,97,100,0.53,NO,1721513592
180,badger,64.8,-147.5333,23.88,41,0,2.57,US,1721513593
181,gadzhiyevo,69.2551,33.3362,11.84,85,65,3.01,RU,1721513594
182,tafuna,-14.3358,-170.72,26.88,72,77,9.6,AS,1721513595
183,guerrero negro,27.9769,-114.0611,26.77,58,65,6.41,MX,1721513597
184,puerto deseado,-47.7503,-65.8938,5.85,70,76,5.3,AR,1721513599
185,bredasdorp,-34.5322,20.0403,7.57,88,54,1.86,ZA,1721513600
186,codrington,-38.2667,141.9667,7.82,98,91,5.93,AU,1721513601
187,hamilton,39.1834,-84.5333,29.89,48,0,3.09,US,1721513603
188,lebu,-37.6167,-73.65,7.81,73,2,8.23,CL,1721513604
189,el bauga,18.262,33.9081,34.76,35,97,6.64,SD,1721513605
190,charters towers,-20.1,146.2667,12.44,35,13,4.26,AU,1721513606
191,enewetak,11.3474,162.3373,28.74,73,18,7.76,MH,1721513608
192,touros,-5.1989,-35.4608,24.08,81,4,5.65,BR,1721513609
193,port augusta,-32.5,137.7667,8.07,91,4,4.29,AU,1721513611
194,armacao de buzios,-22.7469,-41.8817,19.91,72,1,2.23,BR,1721513612
195,la passe,45.5549,-0.8967,20.13,92,64,5.04,FR,1721513613
196,college,64.8569,-147.8028,23.93,40,20,2.57,US,1721513614
197,muynoq,43.7683,59.0214,26.13,46,32,4.69,UZ,1721513615
198,itaituba,-4.2761,-55.9836,29.6,48,55,0.56,BR,1721513616
199,hobyo,5.3505,48.5268,24.08,82,100,9.88,SO,1721513618
200,san juan,-31.5375,-68.5364,10.71,42,0,4.07,AR,1721513380
201,mugia,43.1041,-9.2179,16.76,78,98,5.74,ES,1721513620
202,kununurra,-15.7667,128.7333,10.99,82,5,2.06,AU,1721513621
203,tutoia,-2.7619,-42.2744,26.65,74,14,5.28,BR,1721513622
204,tolanaro,-25.0319,46.9987,16.04,100,0,1.03,MG,1721513623
205,cururupu,-1.8283,-44.8683,23.43,86,11,1.02,BR,1721513625
206,san luis de la loma,17.2706,-100.8939,30.97,60,100,3.19,MX,1721513626
207,quellon,-43.1167,-73.6167,6.84,89,100,2.32,CL,1721513627
208,naze,28.3667,129.4833,28.0,82,17,2.52,JP,1721513628
209,igarka,67.4667,86.5833,8.25,64,48,8.79,RU,1721513629
210,conde,-7.2597,-34.9075,21.7,100,75,3.6,BR,1721513630
211,sinabang,2.4803,96.3801,26.89,83,100,1.84,ID,1721513631
212,kodinsk,58.6881,99.1844,17.18,93,25,1.38,RU,1721513633
213,molchanovo,57.5817,83.7692,15.58,95,100,1.83,RU,1721513635
214,san ignacio,17.1561,-89.0714,23.08,94,75,3.09,BZ,1721513636
215,yaren,-0.5472,166.916,28.69,77,66,8.56,NR,1721513637
216,cochrane,51.1834,-114.4687,30.92,36,1,5.01,CA,1721513428
217,santa ana de yacuma,-13.75,-65.4333,31.97,43,6,0.0,BO,1721513640
218,zhezqazghan,47.7833,67.7667,19.39,62,26,2.31,KZ,1721513641
219,newman,37.3138,-121.0208,41.19,10,0,3.97,US,1721513642
220,quarai,-30.3875,-56.4514,15.57,92,100,4.7,BR,1721513643
221,noumea,-22.2763,166.4572,20.56,99,0,2.11,NC,1721513644
222,hasaki,35.7333,140.8333,26.27,93,100,2.74,JP,1721513645
223,howrah,22.5892,88.3103,28.0,89,40,1.54,IN,1721513647
224,dakoro,14.5106,6.765,30.49,51,100,5.17,NE,1721513648
225,crane,31.3974,-102.3501,35.64,22,41,4.91,US,1721513650
226,novo aripuana,-5.1206,-60.3797,29.76,40,8,1.05,BR,1721513651
227,kingston,17.997,-76.7936,31.53,70,40,7.2,JM,1721513653
228,arawa,-6.2132,155.5367,27.88,80,14,1.9,PG,1721513654
229,fauske,67.2588,15.3918,18.21,82,54,1.93,NO,1721513655
230,miyaly,48.8844,53.7836,27.45,32,74,2.56,KZ,1721513656
231,luderitz,-26.6481,15.1594,13.84,60,73,6.94,NA,1721513657
232,yigo village,13.5361,144.8886,28.62,87,100,7.2,GU,1721513658
233,vrangel',42.7297,133.0839,19.41,100,100,2.58,RU,1721513660
234,hadibu,12.65,54.0333,26.02,81,94,11.28,YE,1721513661
235,wajir,1.7471,40.0573,26.37,63,99,8.46,KE,1721513662
236,dunedin,-45.8742,170.5036,10.45,81,21,2.24,NZ,1721513663
237,kuala terengganu,5.3302,103.1408,24.45,95,100,1.85,MY,1721513664
238,lobatse,-25.2167,25.6667,9.23,32,2,2.53,BW,1721513667
239,remire-montjoly,4.9167,-52.2667,28.02,83,0,2.06,GF,1721513668
240,miri,4.4148,114.0089,25.08,100,40,0.0,MY,1721513669
241,plastun,44.7561,136.2939,18.73,99,100,2.39,RU,1721513670
242,burang,30.25,81.1667,11.31,81,97,2.0,CN,1721513671
243,pangody,65.85,74.4859,6.44,72,35,5.3,RU,1721513672
244,salalah,17.0151,54.0924,25.05,100,100,1.54,OM,1721513674
245,alofi,-19.0595,-169.9187,26.94,69,40,3.09,NU,1721513675
246,namibe,-15.1961,12.1522,17.01,85,79,0.56,AO,1721513676
247,rafsanjan,30.4067,55.9939,32.74,14,0,5.07,IR,1721513677
248,geraldton,-28.7667,114.6,8.23,87,0,6.69,AU,1721513406
249,walvis bay,-22.9575,14.5053,11.16,74,6,1.98,NA,1721513679
250,petropavlovsk-kamchatsky,53.0452,158.6483,16.33,63,0,1.0,RU,1721513681
251,ngereklmadel,7.4883,134.4856,26.05,89,100,4.63,PW,1721513682
252,lazaro cardenas,17.9583,-102.2,30.79,60,100,2.36,MX,1721513683
253,tubarjal,30.4999,38.216,30.24,36,0,5.76,SA,1721513684
254,mont-tremblant,46.1949,-74.6264,18.1,100,99,0.0,CA,1721513685
255,kapurthala,31.3794,75.3847,34.2,52,100,3.21,IN,1721513686
256,laibin,23.7,109.2667,25.07,95,95,0.19,CN,1721513687
257,paciran,-6.8767,112.3761,24.25,86,81,3.55,ID,1721513689
258,cabedelo,-6.9811,-34.8339,22.37,82,6,5.87,BR,1721513690
259,chernyshevskiy,63.0128,112.4714,15.45,63,100,1.15,RU,1721513691
260,loen,7.7601,168.2307,28.16,77,12,6.48,MH,1721513692
261,paris,48.8534,2.3488,25.28,59,75,5.14,FR,1721513101
262,ciudad lazaro cardenas,17.9583,-102.2,30.79,60,100,2.36,MX,1721513657
263,sudak,44.85,34.9667,22.43,63,0,2.63,UA,1721513695
264,buritis,-15.6178,-46.4233,21.54,37,2,1.27,BR,1721513697
265,finale ligure,44.1695,8.3436,27.31,81,4,1.34,IT,1721513698
266,taourirt,34.4073,-2.8973,30.95,20,1,1.48,MA,1721513699
267,al fuwayliq,26.4432,43.2534,32.8,13,52,5.34,SA,1721513700
268,eyl,7.9803,49.8164,25.37,67,96,11.11,SO,1721513703
269,sakakah,29.9697,40.2064,29.76,16,0,3.25,SA,1721513704
270,olonkinbyen,70.9221,-8.7187,4.58,94,100,3.12,SJ,1721513705
271,birao,10.2849,22.7882,22.63,97,100,1.59,CF,1721513706
272,bull savanna,17.8868,-77.5902,28.03,69,60,6.9,JM,1721513707
273,bani walid,31.7566,13.9942,26.93,46,0,2.52,LY,1721513708
274,glendive,47.1053,-104.7125,33.79,25,0,1.54,US,1721513710
275,la grande,45.3246,-118.0877,36.68,16,0,3.79,US,1721513711
276,astrakhan,46.3497,48.0408,27.93,47,40,5.0,RU,1721513622
277,ghanzi,-21.5667,21.7833,13.43,22,7,3.6,BW,1721513713
278,abepura,-2.6333,140.5833,25.45,94,40,0.51,ID,1721513714
279,pribram,49.6899,14.0104,20.48,75,23,1.8,CZ,1721513715
280,san patricio,28.017,-97.5169,33.93,50,61,6.53,US,1721513717
281,bamboo flat,11.7,92.7167,28.05,83,40,2.57,IN,1721513718
282,happy valley-goose bay,53.3168,-60.3315,17.17,77,75,3.09,CA,1721513719
283,mont-dore,-22.2833,166.5833,20.56,99,0,1.36,NC,1721513720
284,barlinek,52.9946,15.2186,18.93,61,100,3.36,PL,1721513721
285,chiredzi,-21.05,31.6667,16.78,50,0,2.14,ZW,1721513722
286,katsuura,35.1333,140.3,25.6,92,74,4.17,JP,1721513724
287,bandarbeyla,9.4942,50.8122,25.54,74,94,14.33,SO,1721513725
288,barentu,15.1139,37.5928,21.8,86,100,3.45,ER,1721513726
289,waslala,13.2333,-85.3833,26.38,93,83,2.03,NI,1721513727
290,jertih,5.7336,102.4897,24.49,94,100,1.98,MY,1721513728
291,kupang,-10.1667,123.5833,24.32,83,10,3.09,ID,1721513729
292,gremyachevo,54.7503,38.5869,15.03,92,100,3.1,RU,1721513730
293,kalajoki,64.25,23.95,17.17,85,98,2.35,FI,1721513732
294,prieska,-29.6641,22.7474,6.24,38,0,1.17,ZA,1721513733
295,caluula,11.9661,50.7569,30.48,69,97,2.9,SO,1721513734
296,russkaya polyana,49.417,31.9201,18.06,60,59,2.63,UA,1721513735
297,collie,-33.3667,116.15,12.64,85,99,4.22,AU,1721513736
298,yushu,44.8,126.5333,20.93,95,95,4.77,CN,1721513737
299,sassandra,4.95,-6.0833,24.02,88,88,4.74,CI,1721513739
300,mili,6.0815,171.735,28.81,76,72,6.44,MH,1721513740
301,susuman,62.7833,148.1667,11.7,83,100,2.91,RU,1721513741
302,koz'modem'yansk,56.3367,46.5711,15.36,94,96,0.93,RU,1721513742
303,revda,56.801,59.9303,15.47,99,100,2.08,RU,1721513743
304,monrovia,6.3005,-10.7969,23.87,97,100,5.35,LR,1721513744
305,ad darb,17.7229,42.2526,32.7,49,100,2.75,SA,1721513746
306,altai,46.3722,96.2583,12.24,65,0,1.11,MN,1721513747
307,ljusdal,61.8288,16.0913,14.34,96,29,0.65,SE,1721513748
308,lamu,-2.2717,40.902,24.46,84,91,6.36,KE,1721513749
309,west helena,34.5507,-90.6418,31.86,67,87,3.35,US,1721513750
310,tanumah,27.1,44.1333,34.44,11,97,4.61,SA,1721513752
311,thunder bay,48.4001,-89.3168,23.99,57,75,3.6,CA,1721513753
312,santana,-0.0583,-51.1817,27.1,89,20,1.54,BR,1721513754
313,stalowa wola,50.5829,22.0533,20.48,77,100,0.45,PL,1721513755
314,shenjiamen,29.9576,122.298,26.54,93,88,8.32,CN,1721513756
315,ola,59.5833,151.2833,14.12,69,100,1.68,RU,1721513757
316,helena,46.5927,-112.0361,36.31,20,0,5.66,US,1721513758
317,luena,-11.7833,19.9167,13.41,26,2,1.66,AO,1721513761
318,bor,56.3567,44.0669,16.96,93,100,1.71,RU,1721513762
319,varva,50.495,32.7197,17.57,63,9,2.26,UA,1721513763
320,seydi,39.4816,62.9137,28.6,23,0,4.43,TM,1721513764
321,rong kwang,18.339,100.3174,26.36,99,100,1.18,TH,1721513765
322,chokwe,-24.5333,32.9833,17.86,94,28,1.89,MZ,1721513767
323,leninskoye,41.7589,69.3864,22.48,34,0,3.93,KZ,1721513768
324,pimenta bueno,-11.6725,-61.1936,28.25,30,5,0.84,BR,1721513769
325,minas de marcona,-15.2119,-75.1103,12.21,71,33,6.74,PE,1721513770
326,nova sintra,14.8667,-24.7167,25.77,85,12,3.76,CV,1721513771
327,merelani,-3.5618,36.979,17.95,77,24,0.85,TZ,1721513773
328,mejit,10.2753,170.8646,27.86,81,20,6.62,MH,1721513774
329,lihue,21.9789,-159.3672,27.77,66,40,5.14,US,1721513775
330,hafar al-batin,28.4328,45.9708,35.32,10,0,0.0,SA,1721513776
331,beidao,34.5686,105.8933,22.17,85,74,1.24,CN,1721513777
332,dawson creek,55.7666,-120.2362,29.8,26,0,2.06,CA,1721513680
333,veraval,20.9,70.3667,27.89,90,99,6.82,IN,1721513780
334,fernley,39.608,-119.2518,39.6,14,1,4.47,US,1721513493
335,puerto baquerizo moreno,-0.9,-89.6,21.55,83,100,6.17,EC,1721513782
336,port macquarie,-31.4333,152.9167,13.83,45,0,1.79,AU,1721513783
337,robore,-18.3333,-59.75,25.83,23,0,1.7,BO,1721513784
338,tofol,5.3248,163.0078,28.49,78,61,6.85,FM,1721513785
339,polyarnyy,69.1989,33.4478,12.19,81,64,2.43,RU,1721513786
340,pisco,-13.7,-76.2167,17.03,77,0,9.77,PE,1721513788
341,hilo,19.7297,-155.09,28.85,77,20,5.14,US,1721513578
342,santa cruz,-17.8,-63.1667,26.03,44,0,3.6,BO,1721513790
343,kuta,-8.7233,115.1723,25.97,78,20,7.2,ID,1721513791
344,mar del plata,-38.0023,-57.5575,8.3,88,75,5.36,AR,1721513792
345,antsiranana,-12.2787,49.2917,21.18,69,4,5.6,MG,1721513793
346,phang nga,8.4509,98.5298,26.02,93,98,0.83,TH,1721513794
347,slavutych,51.5196,30.7343,15.67,81,57,1.46,UA,1721513796
348,callao,-12.0667,-77.15,17.16,72,0,7.2,PE,1721513797
349,oriximina,-1.7656,-55.8661,29.62,53,79,1.71,BR,1721513798
350,gazojak,41.1875,61.4036,30.11,22,0,2.94,TM,1721513799
351,malango,-2.9627,119.9001,17.82,100,89,0.8,ID,1721513800
352,hazorasp,41.3194,61.0742,21.91,24,0,3.5,UZ,1721513801
353,sinan,34.8262,126.1086,25.06,98,88,4.52,KR,1721513803
354,corn island,12.1694,-83.0418,28.21,83,100,7.4,NI,1721513804
355,volgodonsk,47.5136,42.1514,23.99,55,69,4.33,RU,1721513805
356,narrabri,-30.3167,149.7833,6.4,87,1,0.63,AU,1721513806
357,jaltepec,19.7333,-98.6333,17.02,70,76,3.58,MX,1721513807
358,harper,4.375,-7.7169,24.11,84,100,5.0,LR,1721513808
359,piranshahr,36.701,45.1413,19.72,44,3,1.4,IR,1721513809
360,ghadamis,30.1337,9.5007,33.45,16,0,3.37,LY,1721513811
361,boali,4.8005,18.1275,24.39,72,100,0.74,CF,1721513812
362,punakha,27.5837,89.8598,21.72,96,100,1.22,BT,1721513813
363,saipan,15.1355,145.701,27.39,94,40,5.66,MP,1721513814
364,el calafate,-50.3408,-72.2768,3.23,73,0,6.28,AR,1721513815
365,esmeraldas,-19.7625,-44.3139,21.52,43,0,2.66,BR,1721513817
366,cestos city,5.46,-9.5828,24.97,88,100,6.68,LR,1721513818
367,kabinda,-6.1333,24.4833,21.85,22,1,0.88,CD,1721513819
368,gaiman,-43.2897,-65.4929,8.95,28,3,4.83,AR,1721513821
369,thongwa,16.7619,96.5278,26.09,94,100,2.67,MM,1721513822
370,port alfred,-33.5906,26.891,12.73,75,41,6.32,ZA,1721513824
371,priozersk,61.0393,30.1291,18.33,93,72,2.96,RU,1721513825
372,reyes,-14.3167,-67.3833,28.09,61,5,0.0,BO,1721513826
373,murray bridge,-35.1167,139.2667,11.85,77,38,5.48,AU,1721513827
374,isla mujeres,21.2311,-86.731,31.03,74,95,3.84,MX,1721513828
375,caibarien,22.5206,-79.4669,32.62,78,0,8.41,CU,1721513829
376,seven pagodas,12.6264,80.1722,29.51,65,100,4.82,IN,1721513831
377,gediz,39.0417,29.41,21.97,60,7,3.08,TR,1721513832
378,bichura,50.5881,107.6022,19.48,82,100,0.35,RU,1721513833
379,hammerfest,70.6634,23.6821,13.25,94,40,3.09,NO,1721513834
380,enshi,30.3,109.4833,23.55,96,57,0.32,CN,1721513835
381,boa viagem,-5.1275,-39.7322,24.2,41,11,1.42,BR,1721513836
382,daru,-9.0763,143.2092,24.5,77,80,6.99,PG,1721513838
383,new norfolk,-42.7826,147.0587,5.95,98,36,1.18,AU,1721513839
384,camargo,27.6667,-105.1667,35.03,19,5,6.03,MX,1721513840
385,mossel bay,-34.1831,22.146,8.96,70,100,1.96,ZA,1721513841
386,douentza,14.9951,-2.9517,29.15,54,100,3.02,ML,1721513843
387,belomorsk,64.5232,34.7668,8.14,95,6,2.76,RU,1721513846
388,kindia,10.0569,-12.8658,21.9,97,100,1.64,GN,1721513847
389,akureyri,65.6835,-18.0878,10.96,76,75,2.57,IS,1721513848
390,villa gesell,-37.2639,-56.973,9.47,81,77,3.85,AR,1721513849
391,shache,38.4167,77.2406,26.62,33,100,2.14,CN,1721513850
392,sao joao da barra,-21.6403,-41.0511,20.05,72,36,4.67,BR,1721513851
393,sal rei,16.1833,-22.9167,23.92,84,1,5.91,CV,1721513853
394,pokhara,28.2333,83.9833,22.13,96,100,0.76,NP,1721513854
395,hendek,40.7994,30.7481,20.69,87,0,0.96,TR,1721513855
396,bereeda,11.8704,51.0579,32.81,48,99,8.48,SO,1721513856
397,waliso,8.5333,37.9833,13.63,97,98,0.93,ET,1721513857
398,boende,-0.2167,20.8667,25.33,69,100,1.8,CD,1721513858
399,okhotsk,59.3833,143.3,11.59,91,100,2.88,RU,1721513860
400,shingu,33.7333,135.9833,27.77,82,95,2.34,JP,1721513861
401,port lincoln,-34.7333,135.8667,12.68,83,18,7.09,AU,1721513862
402,berdigestyakh,62.0989,126.6992,18.17,49,3,3.34,RU,1721513863
403,ekibastuz,51.6667,75.3667,20.56,59,88,3.57,KZ,1721513864
404,qarauyl,48.9451,79.255,17.83,76,100,2.95,KZ,1721513865
405,mount gambier,-37.8333,140.7667,9.44,98,71,3.47,AU,1721513867
406,tidjikja,18.5564,-11.4271,34.15,28,0,6.46,MR,1721513868
407,usogorsk,63.4106,48.6872,9.44,65,4,2.62,RU,1721513869
408,coahuayana de hidalgo,18.7,-103.6583,32.13,57,88,2.71,MX,1721513870
409,xudat,41.631,48.681,24.38,49,98,1.05,AZ,1721513871
410,heinsberg,51.0667,6.0833,22.09,89,100,1.03,DE,1721513872
411,kavieng,-2.5744,150.7967,27.9,80,99,5.69,PG,1721513874
412,ballina,-28.8667,153.5667,12.66,54,0,5.61,AU,1721513875
413,moussoro,13.6408,16.4901,26.77,72,100,4.64,TD,1721513876
414,natchez,31.5604,-91.4032,31.25,58,75,2.06,US,1721513877
415,fortuna,40.5982,-124.1573,17.51,85,100,6.17,US,1721513878
416,khorixas,-20.3667,14.9667,13.39,39,2,0.41,NA,1721513879
417,uliastay,47.7417,96.8444,9.67,87,3,0.77,MN,1721513881
418,moose jaw,50.4001,-105.5344,31.14,42,1,2.06,CA,1721513882
419,riihimaki,60.7377,24.7773,17.28,95,41,2.31,FI,1721513883
420,livadiya,42.8692,132.6764,19.57,100,100,2.8,RU,1721513884
421,luwuk,-0.9516,122.7875,22.26,85,100,2.22,ID,1721513885
422,porto novo,6.4965,2.6036,25.9,88,83,5.2,BJ,1721513886
423,jayapura,-2.5333,140.7,25.66,94,100,1.61,ID,1721513887
424,portland,45.5234,-122.6762,35.37,33,75,5.66,US,1721513418
425,sol'tsy,58.1239,30.3238,13.93,95,53,1.27,RU,1721513890
426,tura,25.5198,90.2201,25.15,92,99,2.29,IN,1721513891
427,khenchela,35.4358,7.1433,25.89,31,26,0.61,DZ,1721513892
428,peniche,39.3558,-9.3811,20.72,95,26,5.82,PT,1721513893
429,hargeysa,9.56,44.065,21.59,60,58,11.64,SO,1721513894
430,kapa'a,22.0752,-159.319,28.18,66,40,5.14,US,1721513895
431,salekhard,66.53,66.6019,4.84,78,0,2.21,RU,1721513897
432,cangzhou,38.3167,116.8667,25.68,83,46,3.5,CN,1721513898
433,chop,48.432,22.2055,21.32,66,93,1.88,UA,1721513899
434,port douglas,-16.4833,145.4667,18.26,73,45,1.49,AU,1721513900
435,oswego,43.4501,-76.1497,27.73,53,3,2.13,US,1721513901
436,kristiansund,63.1115,7.732,21.36,74,74,1.54,NO,1721513902
437,maragogi,-9.0122,-35.2225,22.59,86,37,5.22,BR,1721513862
438,urcos,-13.6861,-71.6228,16.94,46,6,3.89,PE,1721513905
439,anshun,26.25,105.9333,19.22,96,70,4.42,CN,1721513906
440,lepsy,46.235,78.9456,24.05,46,6,5.18,KZ,1721513907
441,wasselonne,48.6372,7.4473,22.67,94,0,1.54,FR,1721513908
442,san rafael,-34.6177,-68.3301,9.64,42,0,3.2,AR,1721513864
443,aitape,-3.1374,142.3475,25.3,89,99,1.7,PG,1721513910
444,calvi,42.5,8.8333,21.35,60,0,2.57,FR,1721513912
445,sona,45.4388,10.8255,24.75,78,12,1.0,IT,1721513913
446,muisne,0.6,-80.0333,24.29,86,99,5.01,EC,1721513914
447,esil,51.9556,66.4042,18.1,74,64,2.18,KZ,1721513915
448,cole harbour,44.6724,-63.4751,24.66,64,87,6.17,CA,1721513916
449,gadani,25.1185,66.7299,31.12,87,60,5.81,PK,1721513917
450,nova vicosa,-17.8919,-39.3719,22.96,77,63,4.37,BR,1721513919
451,tetbury,51.6394,-2.1622,17.9,90,95,2.53,GB,1721513920
452,greenville,35.6127,-77.3663,31.18,67,75,4.63,US,1721513921
453,bonito,-21.1211,-56.4819,22.9,38,0,0.82,BR,1721513922
454,sumbawa besar,-8.5,117.4333,18.56,97,6,2.14,ID,1721513923
455,panaba,21.2833,-88.2667,30.85,73,98,6.08,MX,1721513924
456,carutapera,-1.195,-46.02,25.9,78,55,3.53,BR,1721513926
457,haiku-pauwela,20.9219,-156.3051,28.45,71,75,4.63,US,1721513927
458,posto fiscal rolim de moura,-13.0833,-62.2667,27.45,35,5,0.91,BR,1721513928
459,auki,-8.7676,160.7034,27.71,76,10,1.35,SB,1721513929
460,suva,-18.1416,178.4415,26.71,78,75,5.14,FJ,1721513930
461,yuzhno-kurilsk,44.0306,145.8556,18.5,98,100,1.84,RU,1721513931
462,lucapa,-8.4192,20.7447,19.97,22,0,1.13,AO,1721513932
463,tortoli,39.9256,9.6572,29.52,83,0,1.03,IT,1721513934
464,tamiahua,21.2667,-97.45,29.54,69,33,3.48,MX,1721513935
465,cutral-co,-38.9469,-69.2089,4.39,10,2,0.89,AR,1721513936
466,pryluky,50.5932,32.3876,17.33,65,6,2.52,UA,1721513937
467,concepcion,-36.827,-73.0498,10.89,66,0,4.12,CL,1721513938
468,jinchang,38.4953,102.1739,22.59,46,0,3.04,CN,1721513939
469,mana,5.6592,-53.7767,26.3,81,37,3.13,GF,1721513941
470,breves,-1.6822,-50.4803,28.36,60,89,1.36,BR,1721513942
471,pacific grove,36.6177,-121.9166,24.58,83,75,5.14,US,1721513644
472,ketchikan,55.3422,-131.6461,18.26,77,100,4.12,US,1721513944
473,inarajan village,13.2736,144.7484,29.54,91,97,5.56,GU,1721513945
474,alibag,18.6411,72.8792,26.04,91,100,8.6,IN,1721513946
475,nogliki,51.8333,143.1667,15.55,99,100,2.18,RU,1721513948
476,kalix,65.853,23.1565,15.72,90,24,2.58,SE,1721513949
477,abadeh,31.1608,52.6506,25.22,15,0,2.85,IR,1721513950
478,sironj,24.1,77.7,29.6,72,100,3.44,IN,1721513951
479,fort mcmurray,56.7268,-111.381,27.77,54,0,1.54,CA,1721513710
480,yuma,32.7253,-114.6244,43.51,27,62,5.87,US,1721513953
481,bratsk,56.1325,101.6142,17.27,93,100,0.74,RU,1721513955
482,sao paulo de olivenca,-3.3783,-68.8725,25.65,88,85,1.97,BR,1721513956
483,sirte,31.2089,16.5887,28.03,72,0,3.07,LY,1721513957
484,korets,50.6165,27.1605,16.68,72,100,2.47,UA,1721513958
485,dexter,36.7959,-89.9579,28.92,62,82,3.44,US,1721513959
486,port hedland,-20.3167,118.5667,16.03,41,26,2.57,AU,1721513960
487,faya-largeau,17.9257,19.1043,33.12,37,21,2.76,TD,1721513961
488,bahir dar,11.5936,37.3908,16.91,94,97,1.84,ET,1721513963
489,afaahiti,-17.75,-149.2833,25.93,66,99,10.83,PF,1721513964
490,alice springs,-23.7,133.8833,-1.25,86,0,2.57,AU,1721513965
491,poronaysk,49.2167,143.1167,17.03,99,100,1.68,RU,1721513966
492,antonio enes,-16.2325,39.9086,21.68,76,0,2.28,MZ,1721513967
493,kourou,5.1552,-52.6478,28.03,84,61,2.34,GF,1721513968
494,safford,32.834,-109.7076,41.51,17,20,2.57,US,1721513744
495,az zawiyah,32.0963,35.0398,29.5,87,0,2.06,PS,1721513971
496,sudlohn,51.9333,6.8667,22.81,75,100,1.79,DE,1721513972
497,salinopolis,-0.6136,-47.3561,27.09,76,22,4.62,BR,1721513973
498,khorramabad,33.4878,48.3558,25.79,22,0,2.06,IR,1721513974
499,solleftea,63.1667,17.2667,15.92,95,73,1.39,SE,1721513975
500,zavodoukovsk,56.5042,66.5515,15.35,94,40,1.82,RU,1721513976
501,wainwright,52.839,-110.8572,31.91,31,0,2.78,CA,1721513978
502,nadym,65.5333,72.5167,5.49,72,23,4.96,RU,1721513980
503,mglin,53.0591,32.8475,14.74,92,2,1.69,RU,1721513981
504,brezina,33.0989,1.2608,34.04,13,73,1.19,DZ,1721513982
505,waddan,29.1614,16.139,30.69,38,56,6.1,LY,1721513984
506,dalnerechensk,45.9339,133.7225,20.86,97,100,1.52,RU,1721513985
507,carbonear,47.7332,-53.2148,23.91,82,0,3.71,CA,1721513986
508,tosontsengel,48.7567,98.2839,12.2,95,100,2.06,MN,1721513987
509,morehead city,34.7229,-76.726,30.01,83,20,8.23,US,1721513988
510,galle,6.0367,80.217,26.87,88,100,4.63,LK,1721513989
511,sokur,55.2093,83.319,18.2,95,61,2.93,RU,1721513990
512,matanzas,23.0411,-81.5775,26.42,100,40,3.09,CU,1721513992
513,viedma,-40.8135,-62.9967,5.85,63,98,7.42,AR,1721513993
514,punta del este,-34.9667,-54.95,11.09,94,100,4.02,UY,1721513994
515,impfondo,1.6381,18.0667,24.45,73,94,0.57,CG,1721513995
516,lekeitio,43.3666,-2.5007,21.08,92,100,6.61,ES,1721513998
517,toliara,-23.35,43.6667,18.3,73,0,4.0,MG,1721513999
518,mata-utu,-13.2816,-176.1745,27.22,74,14,9.9,WF,1721514000
519,novi pazar,43.1367,20.5122,18.18,91,13,0.23,RS,1721514001
520,darnah,32.767,22.6367,28.21,71,0,7.9,LY,1721514002
521,kapuskasing,49.4169,-82.4331,19.05,48,40,4.63,CA,1721514004
522,yerofey pavlovich,53.9667,121.9667,16.18,74,2,1.39,RU,1721514005
523,farah,32.5,62.5,27.16,24,0,1.77,AF,1721514006
524,recani,31.2846,-4.2688,33.31,21,100,10.16,MA,1721514007
525,weno,7.4515,151.8468,28.97,74,75,2.06,FM,1721514008
526,sao felix do xingu,-6.6447,-51.995,28.82,37,13,1.57,BR,1721514009
527,khandyga,62.6667,135.6,12.89,96,100,1.05,RU,1721514011
528,umba,66.6871,34.3429,10.14,73,5,1.01,RU,1721514012
529,qeshm,26.9581,56.2719,32.94,84,100,4.36,IR,1721514013
530,pacasmayo,-7.4006,-79.5714,18.47,75,27,8.29,PE,1721514014
531,shangqiu,34.45,115.65,25.85,92,70,3.69,CN,1721514015
532,los villares,37.3482,-3.3314,25.17,31,0,4.26,ES,1721514016
533,priob'ye,62.5206,65.5964,8.46,92,100,5.7,RU,1721514017
534,funafuti,-8.5243,179.1942,29.0,79,75,5.66,TV,1721514019
535,nouadhibou,20.931,-17.0347,22.85,72,92,12.03,MR,1721514020
536,zemio,5.0314,25.1361,20.64,98,100,0.63,CF,1721514021
537,takoradi,4.8845,-1.7554,23.93,89,95,4.99,GH,1721514022
538,haimen,23.1935,116.6142,26.94,86,2,2.12,CN,1721514023
539,bubaque,11.2833,-15.8333,27.06,85,96,7.37,GW,1721514024
540,sotuta,20.6,-89.0167,33.52,47,100,2.23,MX,1721514026
541,touggourt,33.1053,6.058,35.06,17,0,2.57,DZ,1721514027
542,las khorey,11.1595,48.1967,32.5,53,89,3.98,SO,1721514028
543,coquimbo,-29.9533,-71.3436,12.85,75,75,2.06,CL,1721514029
544,conduaga,8.862,117.4893,25.25,88,100,1.96,PH,1721514030
545,lima,-12.0432,-77.0282,16.14,72,0,7.2,PE,1721513832
546,tsiombe,-25.3,45.4833,16.97,77,1,0.86,MG,1721514033
547,edson,53.5835,-116.4356,29.08,42,0,3.09,CA,1721513798
548,hronov,50.4797,16.1823,18.73,71,99,0.88,CZ,1721514035
549,petawawa,45.9001,-77.3328,19.77,86,100,0.45,CA,1721514036
550,fenoarivo atsinanana,-17.3667,49.4167,19.73,85,42,1.57,MG,1721514037
551,basco,20.4487,121.9702,29.46,79,96,4.57,PH,1721514038
552,aljezur,37.3191,-8.8033,18.53,95,10,5.38,PT,1721514039
553,tanda,26.55,82.65,30.25,72,95,4.27,IN,1721514041
554,ventspils,57.3894,21.5606,16.96,94,20,1.54,LV,1721514042
555,hualien city,23.9769,121.6044,26.92,76,100,2.33,TW,1721514043
556,sosnovo-ozerskoye,52.5249,111.5418,17.61,58,100,2.14,RU,1721514044
557,simplicio mendes,-7.8539,-41.9103,24.85,43,11,3.25,BR,1721514045
558,severo-yeniseyskiy,60.3725,93.0408,15.09,99,95,1.64,RU,1721514046
559,vitebsk,55.1905,30.2033,13.77,90,99,2.01,BY,1721514048
560,lerwick,60.1545,-1.1494,13.0,99,100,4.35,GB,1721514049
561,pachino,36.7186,15.0907,25.8,78,0,2.31,IT,1721514050
562,brandon,27.9378,-82.2859,33.93,68,0,5.36,US,1721514051
563,inari,68.906,27.0288,17.11,63,98,1.37,FI,1721514053
564,lompoc,34.6391,-120.4579,26.99,72,0,6.17,US,1721514055
565,san jose del guaviare,2.5729,-72.6459,25.28,95,37,1.4,CO,1721514056
566,ta`u,-14.2336,-169.5144,26.49,72,34,9.42,AS,1721514057
567,mahina,-17.5065,-149.489,26.87,57,75,5.66,PF,1721514058
568,kalininsk,51.5,44.4758,17.6,71,2,3.53,RU,1721514059
569,luanda,-8.8368,13.2343,19.64,90,1,2.99,AO,1721513772
570,ares,-6.1944,-35.1603,23.05,86,5,4.17,BR,1721514062
571,prince edward,44.0001,-77.2495,25.9,63,24,0.89,CA,1721514063
572,misratah,32.3754,15.0925,28.28,60,0,1.29,LY,1721514064
573,cananeia,-25.0147,-47.9267,15.63,89,0,0.83,BR,1721514065
574,ekpoma,6.7421,6.139,21.25,96,96,2.9,NG,1721514066
575,tuburan,6.6439,122.2736,26.05,86,100,3.38,PH,1721514067
